Preschool;Primary School;Primary education;*
1st-4th;Primary School;Primary education;*
5th-6th;Primary School;Primary education;*
7th-8th;High School;Secondary education;*
9th;High School;Secondary education;*
10th;High School;Secondary education;*
11th;High School;Secondary education;*
12th;High School;Secondary education;*
HS-grad;High School;Secondary education;*
Some-college;Undergraduate;Higher education;*
Assoc-voc;Professional Education;Higher education;*
Assoc-acdm;Professional Education;Higher education;*
Bachelors;Undergraduate;Higher education;*
Masters;Graduate;Higher education;*
Prof-school;Professional Education;Higher education;*
Doctorate;Graduate;Higher education;*
